Ã¿0, 00, Rec_Null-x
Seconds, Hexfrac, Board_ID, Rec_Null, 
Seconds, Hexfrac, Board_ID, Rec_Null, 
Seconds, Hexfrac, Board_ID, Rec_Scan_Start, 
0, 00, temp_rec_format0, Bloop, 19, 19, 22, 28, 35, 44, 53, 63, 75, 85, 97, 108, 127, 137, 155, 166
0, 00, temp_rec_format16, Bloop, 33, 45, 47, 46, 49, 54, 62, 70, 79, 89, 100, 117, 126, 144, 155, 171
0, 00, temp_rec_format32, Bloop, 36, 40, 38, 40, 45, 52, 61, 72, 84, 95, 106, 116, 134, 144, 162, 173
0, 00, temp_rec_format48, Bloop, 41, 53, 55, 54, 57, 63, 70, 79, 88, 99, 109, 126, 136, 155, 166, 182
0, 00, temp_rec_format64, Bloop, 48, 52, 50, 52, 57, 65, 75, 86, 97, 108, 118, 136, 145, 163, 174, 190
0, 00, temp_rec_format80, Bloop, 57, 60, 58, 61, 65, 75, 84, 96, 106, 117, 133, 141, 160, 170, 187, 198
0, 00, temp_rec_format96, Bloop, 66, 79, 80, 80, 83, 88, 96, 105, 119, 128, 145, 153, 172, 182, 198, 210
0, 00, temp_rec_format112, Bloop, 77, 78, 78, 81, 88, 97, 107, 116, 132, 139, 159, 166, 184, 195, 211, 222
0, 00, temp_rec_format128, Bloop, 89, 89, 89, 95, 101, 108, 122, 129, 147, 153, 172, 180, 197, 209, 221, 235
0, 00, temp_rec_format144, Bloop, 103, 114, 111, 112, 120, 124, 138, 143, 160, 169, 185, 196, 208, 223, 233, 249
0, 00, temp_rec_format160, Bloop, 117, 124, 123, 124, 133, 137, 151, 159, 173, 185, 197, 211, 220, 238, 249, 264
0, 00, temp_rec_format176, Bloop, 131, 135, 135, 137, 146, 153, 164, 175, 185, 200, 208, 226, 235, 253, 264, 280
0, 00, temp_rec_format192, Bloop, 146, 146, 148, 150, 159, 169, 176, 192, 198, 217, 224, 243, 252, 268, 280, 292
0, 00, temp_rec_format208, Bloop, 161, 158, 160, 167, 171, 185, 190, 207, 213, 230, 240, 255, 268, 280, 295, 307
0, 00, temp_rec_format224, Bloop, 176, 188, 192, 193, 194, 204, 208, 223, 233, 246, 258, 268, 284, 294, 310, 322
0, 00, temp_rec_format240, Bloop, 191, 203, 205, 207, 207, 218, 226, 237, 249, 258, 274, 282, 300, 310, 326, 338
Seconds, Hexfrac, Board_ID, Rec_Scan_Complete, 
Seconds, Hexfrac, Board_ID, Rec_Null, 
Seconds, Hexfrac, Board_ID, Rec_Null, 
Seconds, Hexfrac, Board_ID, Rec_Null, 